{"cameraMode":{"drawMode":0,"name":"Shaded","section":"Shading Mode"},"sceneLighting":false,"audioPlay":false,"sceneViewState":{"showFog":true,"showMaterialUpdate":false,"showSkybox":false,"showFlares":true,"showImageEffects":true,"showParticleSystems":true},"in2DMode":false,"pivot":{"x":-0.22006577253341676,"y":0.42422449588775637,"z":-0.08029115945100784},"rotation":{"x":-0.1777292788028717,"y":0.7105410695075989,"z":-0.19344203174114228,"w":-0.6527949571609497},"size":-1.5632798671722413,"orthographic":false}