{"cameraMode":{"drawMode":0,"name":"Shaded","section":"Shading Mode"},"sceneLighting":false,"audioPlay":false,"sceneViewState":{"showFog":true,"showMaterialUpdate":false,"showSkybox":false,"showFlares":true,"showImageEffects":true,"showParticleSystems":true},"in2DMode":false,"pivot":{"x":-0.01196030993014574,"y":30.732385635375978,"z":0.5604186058044434},"rotation":{"x":0.059044696390628818,"y":-0.653989851474762,"z":0.051318828016519549,"w":0.7524507641792297},"size":30.7794246673584,"orthographic":false}