{"cameraMode":{"drawMode":0,"name":"Shaded","section":"Shading Mode"},"sceneLighting":false,"audioPlay":false,"sceneViewState":{"showFog":true,"showMaterialUpdate":false,"showSkybox":false,"showFlares":true,"showImageEffects":true,"showParticleSystems":true},"in2DMode":false,"pivot":{"x":-11.013835906982422,"y":2.0599021911621095,"z":0.8146076202392578},"rotation":{"x":0.30233821272850039,"y":-0.045158203691244128,"z":0.014339172281324864,"w":0.9520276188850403},"size":7.446688175201416,"orthographic":false}