{"cameraMode":{"drawMode":0,"name":"Shaded","section":"Shading Mode"},"sceneLighting":false,"audioPlay":false,"sceneViewState":{"showFog":true,"showMaterialUpdate":false,"showSkybox":false,"showFlares":true,"showImageEffects":true,"showParticleSystems":true},"in2DMode":false,"pivot":{"x":5.038356781005859,"y":1.9104795455932618,"z":3.4969377517700197},"rotation":{"x":0.31885212659835818,"y":-0.24033108353614808,"z":0.08393470197916031,"w":0.9129831790924072},"size":8.324911117553711,"orthographic":false}