{"cameraMode":{"drawMode":0,"name":"Shaded","section":"Shading Mode"},"sceneLighting":false,"audioPlay":false,"sceneViewState":{"showFog":true,"showMaterialUpdate":false,"showSkybox":false,"showFlares":true,"showImageEffects":true,"showParticleSystems":true},"in2DMode":false,"pivot":{"x":0.45805275440216067,"y":1.285107135772705,"z":-0.8803215026855469},"rotation":{"x":0.0023976489901542665,"y":-0.9969571828842163,"z":-0.07009198516607285,"w":-0.03411777690052986},"size":2.0568995475769045,"orthographic":false}