{"cameraMode":{"drawMode":0,"name":"Shaded","section":"Shading Mode"},"sceneLighting":false,"audioPlay":false,"sceneViewState":{"showFog":true,"showMaterialUpdate":false,"showSkybox":false,"showFlares":true,"showImageEffects":true,"showParticleSystems":true},"in2DMode":false,"pivot":{"x":10.361973762512207,"y":9.46029281616211,"z":-2.4152796268463136},"rotation":{"x":0.28739941120147707,"y":-0.49086838960647585,"z":0.17557427287101746,"w":0.8035128712654114},"size":5.766332626342773,"orthographic":false}