{"cameraMode":{"drawMode":0,"name":"Shaded","section":"Shading Mode"},"sceneLighting":false,"audioPlay":false,"sceneViewState":{"showFog":true,"showMaterialUpdate":false,"showSkybox":false,"showFlares":true,"showImageEffects":true,"showParticleSystems":true},"in2DMode":false,"pivot":{"x":0.07914899289608002,"y":0.480660617351532,"z":0.3188020586967468},"rotation":{"x":0.09156912565231323,"y":0.04926684871315956,"z":-0.004535107873380184,"w":0.9945752024650574},"size":1.2064740657806397,"orthographic":false}