{"cameraMode":{"drawMode":0,"name":"Shaded","section":"Shading Mode"},"sceneLighting":false,"audioPlay":false,"sceneViewState":{"showFog":true,"showMaterialUpdate":false,"showSkybox":false,"showFlares":true,"showImageEffects":true,"showParticleSystems":true},"in2DMode":false,"pivot":{"x":-0.009421229362487793,"y":0.027793705463409425,"z":0.6851050853729248},"rotation":{"x":0.08829259872436524,"y":-0.045407626777887347,"z":0.004029096104204655,"w":0.9950503706932068},"size":1.4797208309173585,"orthographic":false}