{"cameraMode":{"drawMode":0,"name":"Shaded","section":"Shading Mode"},"sceneLighting":false,"audioPlay":false,"sceneViewState":{"showFog":true,"showMaterialUpdate":false,"showSkybox":false,"showFlares":true,"showImageEffects":true,"showParticleSystems":true},"in2DMode":false,"pivot":{"x":0.9399712085723877,"y":0.3981924057006836,"z":-0.4411841630935669},"rotation":{"x":0.07883769273757935,"y":0.5872827172279358,"z":-0.05762878432869911,"w":0.8034785389900208},"size":1.6406333446502686,"orthographic":false}