{"cameraMode":{"drawMode":0,"name":"Shaded","section":"Shading Mode"},"sceneLighting":false,"audioPlay":false,"sceneViewState":{"showFog":true,"showMaterialUpdate":false,"showSkybox":false,"showFlares":true,"showImageEffects":true,"showParticleSystems":true},"in2DMode":false,"pivot":{"x":-0.37107977271080019,"y":3.7778189182281496,"z":-5.157773017883301},"rotation":{"x":0.0004948916612192988,"y":0.9993430376052856,"z":0.014991271309554577,"w":-0.03299029916524887},"size":1.8001527786254883,"orthographic":false}