{"cameraMode":{"drawMode":0,"name":"Shaded","section":"Shading Mode"},"sceneLighting":false,"audioPlay":false,"sceneViewState":{"showFog":true,"showMaterialUpdate":false,"showSkybox":false,"showFlares":true,"showImageEffects":true,"showParticleSystems":true},"in2DMode":false,"pivot":{"x":0.6328033208847046,"y":0.5004449486732483,"z":0.7991319894790649},"rotation":{"x":0.010493630543351174,"y":0.03509264439344406,"z":-0.00036933302180841565,"w":0.999331533908844},"size":1.1994655132293702,"orthographic":false}