{"cameraMode":{"drawMode":0,"name":"Shaded","section":"Shading Mode"},"sceneLighting":false,"audioPlay":false,"sceneViewState":{"showFog":true,"showMaterialUpdate":false,"showSkybox":false,"showFlares":true,"showImageEffects":true,"showParticleSystems":true},"in2DMode":false,"pivot":{"x":-0.10428067296743393,"y":0.3647500276565552,"z":-0.83251953125},"rotation":{"x":-0.055061619728803638,"y":-0.8842792510986328,"z":0.10797180980443955,"w":-0.45096731185913088},"size":2.821044921875,"orthographic":false}