{"cameraMode":{"drawMode":0,"name":"Shaded","section":"Shading Mode"},"sceneLighting":false,"audioPlay":false,"sceneViewState":{"showFog":true,"showMaterialUpdate":false,"showSkybox":false,"showFlares":true,"showImageEffects":true,"showParticleSystems":true},"in2DMode":false,"pivot":{"x":0.0,"y":0.20402929186820985,"z":0.05273282527923584},"rotation":{"x":-0.17729920148849488,"y":0.6699240803718567,"z":-0.16949523985385896,"w":-0.7007498741149902},"size":3.2991068363189699,"orthographic":false}