{"cameraMode":{"drawMode":0,"name":"Shaded","section":"Shading Mode"},"sceneLighting":true,"audioPlay":false,"sceneViewState":{"showFog":true,"showMaterialUpdate":false,"showSkybox":false,"showFlares":true,"showImageEffects":true,"showParticleSystems":true},"in2DMode":false,"pivot":{"x":0.48703432083129885,"y":-0.18606036901474,"z":-3.4121017456054689},"rotation":{"x":-0.01029968075454235,"y":-0.986348569393158,"z":0.14967960119247437,"w":-0.06787274032831192},"size":2.835592746734619,"orthographic":false}