{"cameraMode":{"drawMode":0,"name":"Shaded","section":"Shading Mode"},"sceneLighting":false,"audioPlay":false,"sceneViewState":{"showFog":true,"showMaterialUpdate":false,"showSkybox":false,"showFlares":true,"showImageEffects":true,"showParticleSystems":true},"in2DMode":false,"pivot":{"x":-0.05091163516044617,"y":0.590149462223053,"z":0.04738215357065201},"rotation":{"x":0.222208634018898,"y":-0.6471529603004456,"z":0.20551684498786927,"w":0.6997072696685791},"size":0.27263057231903078,"orthographic":false}