{"cameraMode":{"drawMode":0,"name":"Shaded","section":"Shading Mode"},"sceneLighting":false,"audioPlay":false,"sceneViewState":{"showFog":true,"showMaterialUpdate":false,"showSkybox":false,"showFlares":true,"showImageEffects":true,"showParticleSystems":true},"in2DMode":false,"pivot":{"x":16.8446044921875,"y":68.61976623535156,"z":68.3927001953125},"rotation":{"x":0.1324637532234192,"y":0.09707357734441757,"z":-0.01303846575319767,"w":0.9863442778587341},"size":328.866943359375,"orthographic":false}