{"cameraMode":{"drawMode":0,"name":"Shaded","section":"Shading Mode"},"sceneLighting":false,"audioPlay":false,"sceneViewState":{"showFog":true,"showMaterialUpdate":false,"showSkybox":false,"showFlares":true,"showImageEffects":true,"showParticleSystems":true},"in2DMode":false,"pivot":{"x":0.060996998101472858,"y":0.037506185472011569,"z":0.00602869875729084},"rotation":{"x":0.33039391040802,"y":-0.3588900566101074,"z":0.13755129277706147,"w":0.8620426654815674},"size":0.1396811306476593,"orthographic":false}