{"cameraMode":{"drawMode":0,"name":"Shaded","section":"Shading Mode"},"sceneLighting":false,"audioPlay":false,"sceneViewState":{"showFog":true,"showMaterialUpdate":false,"showSkybox":false,"showFlares":true,"showImageEffects":true,"showParticleSystems":true},"in2DMode":false,"pivot":{"x":-0.45920753479003909,"y":4.384751319885254,"z":3.7762246131896974},"rotation":{"x":0.1278577297925949,"y":-0.7242503762245178,"z":0.13966350257396699,"w":0.6630296111106873},"size":3.8237226009368898,"orthographic":false}