{"cameraMode":{"drawMode":0,"name":"Shaded","section":"Shading Mode"},"sceneLighting":false,"audioPlay":false,"sceneViewState":{"showFog":true,"showMaterialUpdate":false,"showSkybox":false,"showFlares":true,"showImageEffects":true,"showParticleSystems":true},"in2DMode":false,"pivot":{"x":-6.750985145568848,"y":3.2808613777160646,"z":0.20878255367279054},"rotation":{"x":0.07299301773309708,"y":-0.6584978699684143,"z":0.06440692394971848,"w":0.7462658882141113},"size":7.023149490356445,"orthographic":false}