{"cameraMode":{"drawMode":0,"name":"Shaded","section":"Shading Mode"},"sceneLighting":false,"audioPlay":false,"sceneViewState":{"showFog":true,"showMaterialUpdate":false,"showSkybox":false,"showFlares":true,"showImageEffects":true,"showParticleSystems":true},"in2DMode":false,"pivot":{"x":3.128215789794922,"y":3.175593376159668,"z":-11.575397491455079},"rotation":{"x":-0.11050553619861603,"y":-0.7447329759597778,"z":0.12745477259159089,"w":-0.6456912159919739},"size":10.0,"orthographic":false}